City_ID,City,Country,Date,Lat,Lng,Max Temp,Humidity,Cloudiness,Wind Speed
0,Mataura,NZ,2020-06-25 20:57:39,-46.19,168.86,39.0,83,6,3.0
1,Avarua,CK,2020-06-25 20:57:39,-21.21,-159.78,75.2,64,37,5.82
2,Yerbogachen,RU,2020-06-25 20:57:39,61.28,108.01,60.62,71,27,2.75
3,Serenje,ZM,2020-06-25 20:57:40,-13.23,30.24,55.24,89,0,8.5
4,Aklavik,CA,2020-06-25 20:57:40,68.22,-135.01,60.8,63,75,11.41
5,New Norfolk,AU,2020-06-25 20:57:40,-42.78,147.06,44.01,85,0,1.99
6,Luderitz,NA,2020-06-25 20:57:41,-26.65,15.16,57.2,87,2,2.24
7,Lompoc,US,2020-06-25 20:57:41,34.64,-120.46,69.01,68,22,13.87
8,Yellowknife,CA,2020-06-25 20:57:41,62.46,-114.35,62.01,59,75,11.41
9,Gariaband,IN,2020-06-25 20:57:41,20.64,82.06,81.66,70,100,4.21
10,Kapaa,US,2020-06-25 20:57:42,22.08,-159.32,82.99,83,90,8.05
11,Ushuaia,AR,2020-06-25 20:57:42,-54.8,-68.3,37.4,69,40,20.8
12,Klaksvik,FO,2020-06-25 20:57:42,62.23,-6.59,53.6,81,100,6.93
13,Busselton,AU,2020-06-25 20:57:42,-33.65,115.33,50.0,74,53,11.74
14,Charters Towers,AU,2020-06-25 20:57:43,-20.1,146.27,51.08,59,0,6.51
15,Albany,US,2020-06-25 20:57:09,42.6,-73.97,84.99,29,49,2.33
16,Nikolskoye,RU,2020-06-25 20:57:43,59.7,30.79,68.0,68,0,2.24
17,Hasaki,JP,2020-06-25 20:57:43,35.73,140.83,66.2,100,75,4.7
18,Morden,CA,2020-06-25 20:53:19,49.19,-98.1,75.2,100,40,6.93
19,Rikitea,PF,2020-06-25 20:57:44,-23.12,-134.97,74.1,84,65,21.43
20,Clarksburg,US,2020-06-25 20:57:43,39.28,-80.34,82.99,37,20,10.29
21,Sistranda,NO,2020-06-25 20:57:44,63.73,8.83,66.2,52,0,3.36
22,Kuandian,CN,2020-06-25 20:57:45,40.73,124.78,62.11,97,100,3.27
23,Steinbach,DE,2020-06-25 20:57:45,50.17,8.57,73.4,53,0,6.93
24,Beringovskiy,RU,2020-06-25 20:57:45,63.05,179.32,44.74,69,99,9.57
25,Dunedin,NZ,2020-06-25 20:57:45,-45.87,170.5,46.99,85,83,3.0
26,Ozernovskiy,RU,2020-06-25 20:57:46,51.5,156.52,48.04,85,5,6.58
27,Agirish,RU,2020-06-25 20:57:46,61.92,63.02,45.03,81,88,9.22
28,Port Lincoln,AU,2020-06-25 20:57:46,-34.73,135.87,52.02,78,2,2.62
29,Saldanha,ZA,2020-06-25 20:57:46,-33.01,17.94,57.2,93,100,4.7
30,Tasiilaq,GL,2020-06-25 20:57:46,65.61,-37.64,41.0,86,99,10.29
31,Birao,CF,2020-06-25 20:57:47,10.28,22.79,77.36,72,78,4.14
32,Qaanaaq,GL,2020-06-25 20:57:47,77.48,-69.36,39.2,79,8,4.61
33,San Patricio,MX,2020-06-25 20:57:47,19.22,-104.7,93.2,67,75,11.41
34,Upernavik,GL,2020-06-25 20:57:47,72.79,-56.15,37.27,88,49,0.69
35,Punta Arenas,CL,2020-06-25 20:55:06,-53.15,-70.92,39.2,64,15,4.7
36,Bubaque,GW,2020-06-25 20:57:48,11.28,-15.83,81.28,86,100,14.94
37,Vaini,TO,2020-06-25 20:57:48,-21.2,-175.2,73.4,88,75,5.82
38,Kodiak,US,2020-06-25 20:57:49,57.79,-152.41,51.8,76,90,19.46
39,Aswan,EG,2020-06-25 20:54:05,24.09,32.91,85.28,21,0,12.93
40,Dwarka,IN,2020-06-25 20:57:49,22.24,68.97,85.24,79,36,15.37
41,Halifax,CA,2020-06-25 20:53:42,44.65,-63.57,81.0,61,87,8.86
42,Victoria,HK,2020-06-25 20:54:40,22.29,114.16,86.0,74,100,13.0
43,Cape Town,ZA,2020-06-25 20:56:24,-33.93,18.42,59.0,93,90,6.93
44,Ribeira Grande,PT,2020-06-25 20:57:50,38.52,-28.7,68.0,82,75,14.99
45,Poum,NC,2020-06-25 20:57:50,-20.23,164.02,70.63,67,61,15.37
46,Arraial Do Cabo,BR,2020-06-25 20:57:51,-22.97,-42.03,75.2,69,100,9.17
47,Provideniya,RU,2020-06-25 20:57:51,64.38,-173.3,46.4,65,100,11.18
48,Monrovia,LR,2020-06-25 20:57:51,6.3,-10.8,78.28,84,97,13.4
49,Khatanga,RU,2020-06-25 20:57:51,71.97,102.5,69.21,56,100,10.49
50,Talovaya,RU,2020-06-25 20:57:52,51.11,40.73,58.28,83,66,3.76
51,Port Alfred,ZA,2020-06-25 20:57:52,-33.59,26.89,70.0,30,0,7.0
52,Atuona,PF,2020-06-25 20:57:52,-9.8,-139.03,80.01,71,0,14.63
53,Chokurdakh,RU,2020-06-25 20:57:52,70.63,147.92,52.23,53,4,15.41
54,Dongobesh,TZ,2020-06-25 20:57:53,-4.07,35.38,54.57,83,50,8.77
55,Katherine,AU,2020-06-25 20:57:53,-14.47,132.27,59.0,68,4,8.05
56,Praia Da Vitoria,PT,2020-06-25 20:57:53,38.73,-27.07,69.8,77,75,13.13
57,Acajutla,SV,2020-06-25 20:57:53,13.59,-89.83,87.8,45,32,5.82
58,Georgetown,MY,2020-06-25 20:54:37,5.41,100.34,80.6,83,20,6.93
59,Thompson,CA,2020-06-25 20:55:50,55.74,-97.86,64.4,93,90,4.03
60,Ostrovnoy,RU,2020-06-25 20:57:54,68.05,39.51,53.44,68,96,5.46
61,Katsuura,JP,2020-06-25 20:57:54,35.13,140.3,71.01,93,97,1.01
62,Aleksandrovsk-Sakhalinskiy,RU,2020-06-25 20:57:54,50.9,142.16,48.15,92,100,4.29
63,Kargil,IN,2020-06-25 20:57:55,34.57,76.1,53.15,52,42,7.34
64,Maltahohe,NA,2020-06-25 20:57:55,-24.83,16.98,53.47,42,0,11.14
65,Cayenne,GF,2020-06-25 20:57:55,4.93,-52.33,84.2,74,75,8.05
66,Hamilton,US,2020-06-25 20:57:55,39.18,-84.53,84.99,37,90,9.17
67,Tuktoyaktuk,CA,2020-06-25 20:57:56,69.45,-133.04,48.2,49,75,13.87
68,Saint George,US,2020-06-25 20:57:56,37.1,-113.58,102.99,10,1,9.17
69,Prince Rupert,CA,2020-06-25 20:53:50,54.32,-130.32,51.8,93,90,8.05
70,Bajos De Haina,DO,2020-06-25 20:57:56,18.42,-70.03,89.6,62,40,11.41
71,Coihaique,CL,2020-06-25 20:57:57,-45.58,-72.07,37.4,64,75,5.82
72,Mahebourg,MU,2020-06-25 20:57:57,-20.41,57.7,71.6,73,40,16.11
73,Ahipara,NZ,2020-06-25 20:57:57,-35.17,173.17,59.54,87,100,10.87
74,Esperance,AU,2020-06-25 20:57:57,-33.87,121.9,50.0,57,59,16.11
75,Hermanus,ZA,2020-06-25 20:54:04,-34.42,19.23,55.99,94,96,15.01
76,Biu,NG,2020-06-25 20:57:58,10.61,12.19,80.13,67,85,10.49
77,Jamestown,US,2020-06-25 20:56:10,42.1,-79.24,73.0,68,40,9.17
78,Carnarvon,AU,2020-06-25 20:56:17,-24.87,113.63,53.6,100,0,4.7
79,Cherskiy,RU,2020-06-25 20:57:58,68.75,161.3,53.69,62,98,14.61
80,Hithadhoo,MV,2020-06-25 20:57:59,-0.6,73.08,84.09,75,26,10.49
81,Puerto Ayora,EC,2020-06-25 20:57:59,-0.74,-90.35,80.6,61,80,26.4
82,Taltal,CL,2020-06-25 20:57:59,-25.4,-70.48,64.09,58,100,5.23
83,Altay,CN,2020-06-25 20:57:59,47.87,88.12,55.38,41,6,2.95
84,Namibe,AO,2020-06-25 20:58:00,-15.2,12.15,66.2,69,0,4.34
85,Yomou,GN,2020-06-25 20:58:00,7.56,-9.27,71.96,96,92,4.97
86,Samarai,PG,2020-06-25 20:58:00,-10.62,150.67,78.71,81,95,19.93
87,Channahon,US,2020-06-25 20:58:01,41.43,-88.23,84.2,37,40,6.93
88,Longyearbyen,SJ,2020-06-25 20:58:01,78.22,15.64,46.4,81,75,3.36
89,Arlit,NE,2020-06-25 20:58:01,18.74,7.39,98.94,9,96,12.64
90,Majene,ID,2020-06-25 20:58:02,-3.54,118.97,77.77,85,98,11.88
91,Jabinyanah,TN,2020-06-25 20:58:02,35.03,10.91,78.8,61,57,3.36
92,Kruisfontein,ZA,2020-06-25 20:58:02,-34.0,24.73,59.23,37,0,5.03
93,Yaan,NG,2020-06-25 20:58:03,7.38,8.57,78.01,83,100,6.02
94,North Bend,US,2020-06-25 20:58:03,43.41,-124.22,77.0,82,75,27.51
95,Kavieng,PG,2020-06-25 20:58:03,-2.57,150.8,83.34,72,51,12.06
96,Airai,TL,2020-06-25 20:58:03,-8.93,125.41,57.24,100,54,3.56
97,Arroyo,ES,2020-06-25 20:58:03,41.61,-4.8,73.99,88,58,4.7
98,Vila Velha,BR,2020-06-25 20:58:04,-20.33,-40.29,77.0,73,48,10.29
99,Kaitangata,NZ,2020-06-25 20:53:40,-46.28,169.85,43.0,79,8,4.0
100,Malakal,SS,2020-06-25 20:58:04,9.53,31.66,79.18,70,1,4.68
101,Bambous Virieux,MU,2020-06-25 20:55:04,-20.34,57.76,73.0,73,40,16.11
102,Lima,PE,2020-06-25 20:55:15,-12.04,-77.03,62.6,82,90,5.82
103,Sitka,US,2020-06-25 20:53:29,57.05,-135.33,51.8,81,90,5.82
104,Jasper,US,2020-06-25 20:58:05,37.2,-94.35,91.4,36,1,13.87
105,Lukow,PL,2020-06-25 20:58:05,51.93,22.38,69.01,10,13,7.99
106,Port Elizabeth,ZA,2020-06-25 20:58:06,-33.92,25.57,69.55,29,0,12.24
107,Touros,BR,2020-06-25 20:58:06,-5.2,-35.46,78.8,74,16,9.17
108,Ust-Kut,RU,2020-06-25 20:58:06,56.79,105.77,58.5,73,36,0.85
109,Mareeba,AU,2020-06-25 20:58:06,-17.0,145.43,68.0,68,40,9.17
110,Chuy,UY,2020-06-25 20:58:07,-33.7,-53.46,50.41,77,39,14.36
111,Vila Franca Do Campo,PT,2020-06-25 20:58:07,37.72,-25.43,66.2,82,20,16.11
112,Barrow,US,2020-06-25 20:57:14,71.29,-156.79,39.2,93,90,16.11
113,Saint-Philippe,RE,2020-06-25 20:58:07,-21.36,55.77,71.6,64,40,24.16
114,Lakhdenpokhya,RU,2020-06-25 20:58:08,61.52,30.2,67.06,62,0,5.03
115,Sao Filipe,CV,2020-06-25 20:58:08,14.9,-24.5,74.71,82,15,4.76
116,Norman Wells,CA,2020-06-25 20:58:08,65.28,-126.83,55.4,82,90,2.24
117,Monchegorsk,RU,2020-06-25 20:58:08,67.94,32.87,57.87,71,79,1.57
118,Bredasdorp,ZA,2020-06-25 20:58:09,-34.53,20.04,57.2,82,15,5.82
119,Hilo,US,2020-06-25 20:57:40,19.73,-155.09,82.4,58,75,6.93
120,Fauske,NO,2020-06-25 20:58:09,67.26,15.39,54.0,85,77,2.59
121,Luanda,AO,2020-06-25 20:58:09,-8.84,13.23,73.4,83,40,9.17
122,Soluno-Dmitriyevskoye,RU,2020-06-25 20:58:09,44.4,42.73,62.6,82,51,6.71
123,Kalispell,US,2020-06-25 20:58:10,48.2,-114.31,77.0,44,1,5.82
124,Santa Margherita Ligure,IT,2020-06-25 20:58:10,44.33,9.21,71.01,56,17,1.99
125,Juneau,US,2020-06-25 20:57:47,58.3,-134.42,51.01,81,90,18.34
126,Zonguldak,TR,2020-06-25 20:58:10,41.25,31.83,60.19,93,0,2.24
127,Flinders,AU,2020-06-25 20:58:11,-34.58,150.86,46.99,78,0,1.01
128,Najran,SA,2020-06-25 20:58:11,17.49,44.13,84.2,16,7,3.42
129,Rossland,CA,2020-06-25 20:58:11,49.08,-117.8,75.0,44,3,3.0
130,Margate,GB,2020-06-25 20:58:11,51.38,1.39,69.01,71,0,1.99
131,Fare,PF,2020-06-25 20:58:11,-16.7,-151.02,79.41,82,98,12.68
132,Enid,US,2020-06-25 20:58:12,36.4,-97.88,95.0,41,20,18.34
133,Syracuse,IT,2020-06-25 20:58:12,37.09,15.28,73.4,83,0,8.05
134,Cervo,ES,2020-06-25 20:58:12,43.67,-7.41,63.0,85,98,3.53
135,Dodoma,TZ,2020-06-25 20:54:05,-6.17,35.74,62.6,77,96,11.41
136,Vardo,NO,2020-06-25 20:58:13,70.37,31.11,48.2,87,20,5.82
137,Souillac,MU,2020-06-25 20:58:13,-20.52,57.52,71.6,73,40,16.11
138,Borogontsy,RU,2020-06-25 20:58:13,62.67,131.17,67.35,53,79,1.07
139,Hede,CN,2020-06-25 20:58:13,33.77,120.25,69.82,96,0,6.82
140,Geraldton,AU,2020-06-25 20:58:13,-28.77,114.6,53.6,87,75,16.11
141,Yulara,AU,2020-06-25 20:58:14,-25.24,130.99,37.4,64,0,5.82
142,Yumen,CN,2020-06-25 20:58:14,40.28,97.2,65.3,26,14,5.79
143,Richards Bay,ZA,2020-06-25 20:58:14,-28.78,32.04,66.97,75,0,15.05
144,Faanui,PF,2020-06-25 20:58:14,-16.48,-151.75,78.64,81,99,12.03
145,Ilheus,BR,2020-06-25 20:55:54,-14.79,-39.05,72.9,86,46,5.41
146,General Jose Eduvigis Diaz,PY,2020-06-25 20:58:16,-27.17,-58.42,62.6,33,17,14.99
147,Raudeberg,NO,2020-06-25 20:58:16,61.99,5.14,62.01,83,38,2.04
148,Bulancak,TR,2020-06-25 20:58:16,40.94,38.23,71.6,88,40,4.7
149,Mildura,AU,2020-06-25 20:58:17,-34.2,142.15,37.4,100,90,2.24
150,Guerrero Negro,MX,2020-06-25 20:58:17,27.98,-114.06,74.75,51,6,16.84
151,Hobyo,SO,2020-06-25 20:58:17,5.35,48.53,79.29,77,75,27.54
152,Mar Del Plata,AR,2020-06-25 20:57:41,-38.0,-57.56,48.2,70,75,6.93
153,Tazovskiy,RU,2020-06-25 20:58:18,67.47,78.7,53.17,67,100,9.26
154,Maningrida,AU,2020-06-25 20:58:18,-12.07,134.27,65.25,79,87,8.57
155,Hobart,AU,2020-06-25 20:55:17,-42.88,147.33,44.6,65,20,8.05
156,Mazyr,BY,2020-06-25 20:58:19,52.05,29.25,62.67,81,0,4.41
157,Conde,BR,2020-06-25 20:58:19,-7.26,-34.91,78.8,74,1,12.75
158,Pantai Remis,MY,2020-06-25 20:58:19,4.46,100.63,77.0,94,40,8.05
159,Mehamn,NO,2020-06-25 20:58:20,71.04,27.85,55.4,62,11,18.34
160,Trincomalee,LK,2020-06-25 20:58:20,8.57,81.23,80.55,79,100,13.11
161,Lagoa,PT,2020-06-25 20:58:20,39.05,-27.98,65.57,91,91,18.45
162,Tarancon,ES,2020-06-25 20:58:21,40.01,-3.01,84.99,32,33,9.17
163,Husavik,IS,2020-06-25 20:58:21,66.04,-17.34,53.6,76,40,10.29
164,Yunhe,CN,2020-06-25 20:58:21,34.08,119.72,70.52,90,2,7.36
165,Castro,BR,2020-06-25 20:58:21,-24.79,-50.01,63.43,84,76,9.8
166,Ponta Do Sol,PT,2020-06-25 20:58:22,32.67,-17.1,69.8,68,40,13.87
167,Kahului,US,2020-06-25 20:58:22,20.89,-156.47,82.0,78,23,5.01
168,Tautira,PF,2020-06-25 20:58:22,-17.73,-149.15,82.4,74,40,12.75
169,Santa Marta,CO,2020-06-25 20:56:49,11.24,-74.2,93.2,59,20,4.7
170,Cabo San Lucas,MX,2020-06-25 20:57:33,22.89,-109.91,87.8,43,5,9.17
171,Tiksi,RU,2020-06-25 20:58:23,71.69,128.87,47.97,82,66,3.56
172,Atar,MR,2020-06-25 20:58:23,20.52,-13.05,101.97,9,64,10.2
173,Derzhavinsk,KZ,2020-06-25 20:58:23,51.1,66.32,53.85,87,66,13.33
174,Sungairaya,ID,2020-06-25 20:58:23,0.7,108.9,76.8,90,87,4.88
175,Vulcan,RO,2020-06-25 20:58:24,45.38,23.27,58.1,87,3,2.93
176,Tuatapere,NZ,2020-06-25 20:58:24,-46.13,167.68,39.0,83,0,3.0
177,Tecoanapa,MX,2020-06-25 20:58:24,16.52,-98.75,83.1,80,100,12.12
178,Kaka,TM,2020-06-25 20:58:25,37.35,59.61,82.54,16,0,2.15
179,Constitucion,CL,2020-06-25 20:58:25,-35.33,-72.42,51.73,76,100,6.98
180,Torbay,CA,2020-06-25 20:58:25,47.67,-52.73,77.0,65,20,21.92
181,Barstow,US,2020-06-25 20:58:25,34.9,-117.02,102.2,12,1,13.87
182,Dingle,PH,2020-06-25 20:58:26,11.0,122.67,77.4,88,100,2.89
183,Sabang,ID,2020-06-25 20:58:26,5.89,95.32,83.57,67,100,7.18
184,Valdobbiadene,IT,2020-06-25 20:58:26,45.9,11.99,71.6,73,75,10.29
185,Zomin,UZ,2020-06-25 20:58:27,39.96,68.4,74.93,29,0,6.31
186,Saint Anthony,US,2020-06-25 20:56:02,45.02,-93.22,86.0,37,40,11.41
187,Kulhudhuffushi,MV,2020-06-25 20:58:27,6.62,73.07,81.48,79,100,23.51
188,Fuerte Olimpo,PY,2020-06-25 20:58:27,-21.04,-57.87,65.23,91,99,11.01
189,Ugoofaaru,MV,2020-06-25 20:58:28,5.67,73.0,82.31,76,100,17.47
190,Colquechaca,BO,2020-06-25 20:58:28,-18.67,-66.02,40.75,51,0,7.27
191,Butaritari,KI,2020-06-25 20:58:28,3.07,172.79,83.25,70,59,11.21
192,College,US,2020-06-25 20:58:28,64.86,-147.8,64.0,44,40,4.7
193,Biak,ID,2020-06-25 20:58:29,-0.91,122.88,76.17,85,100,5.32
194,Sitia,GR,2020-06-25 20:58:29,35.2,26.1,75.99,63,0,8.99
195,Hailin,CN,2020-06-25 20:58:29,44.58,129.42,60.94,86,99,3.47
196,Panama City,PA,2020-06-25 20:55:43,8.99,-79.52,91.4,70,40,8.05
197,Gizo,SB,2020-06-25 20:58:30,-8.1,156.84,82.89,79,100,16.87
198,Mallasamudram,IN,2020-06-25 20:58:30,11.48,78.03,77.92,75,22,3.29
199,Alyangula,AU,2020-06-25 20:58:30,-13.85,136.42,73.4,78,75,4.7
200,Codrington,AU,2020-06-25 20:58:30,-38.27,141.97,46.27,79,81,4.9
201,Ilulissat,GL,2020-06-25 20:58:31,69.22,-51.1,42.8,75,75,5.82
202,Saskylakh,RU,2020-06-25 20:58:31,71.92,114.08,79.21,34,62,5.82
203,Teya,RU,2020-06-25 20:58:31,60.38,92.63,54.99,88,0,2.53
204,Mahina,PF,2020-06-25 20:58:31,-17.51,-149.49,82.4,74,40,12.75
205,Laguna,US,2020-06-25 20:58:32,38.42,-121.42,98.01,30,5,8.05
206,Dikson,RU,2020-06-25 20:58:32,73.51,80.55,35.78,96,100,7.29
207,Bajram Curri,AL,2020-06-25 20:58:32,42.36,20.08,77.0,61,20,2.24
208,Sept-Iles,CA,2020-06-25 20:56:04,50.2,-66.38,70.0,49,75,16.11
209,Porto Walter,BR,2020-06-25 20:56:00,-8.27,-72.74,90.48,47,29,3.47
210,Namatanai,PG,2020-06-25 20:58:33,-3.67,152.43,81.0,75,85,5.88
211,Champerico,GT,2020-06-25 20:58:33,14.3,-91.92,91.4,59,40,6.93
212,Terney,RU,2020-06-25 20:58:33,45.05,136.61,55.67,92,100,7.34
213,Svetlogorsk,BY,2020-06-25 20:58:33,52.63,29.73,63.01,76,0,3.53
214,Clyde River,CA,2020-06-25 20:58:34,70.47,-68.59,46.4,81,20,8.05
215,Palauig,PH,2020-06-25 20:58:34,15.44,119.9,82.71,71,100,7.65
216,Bathsheba,BB,2020-06-25 20:58:34,13.22,-59.52,86.0,74,75,23.04
217,Dubai,AE,2020-06-25 20:57:07,25.26,55.3,95.0,63,53,9.17
218,Sur,OM,2020-06-25 20:58:34,22.57,59.53,83.64,79,32,15.3
219,Urucui,BR,2020-06-25 20:58:35,-7.23,-44.56,82.56,49,0,4.38
220,Walvis Bay,NA,2020-06-25 20:58:35,-22.96,14.51,55.99,93,0,3.36
221,Dzilam Gonzalez,MX,2020-06-25 20:58:35,21.28,-88.93,89.01,76,59,10.16
222,Tura,IN,2020-06-25 20:58:35,25.52,90.22,74.7,98,100,7.45
223,Igrim,RU,2020-06-25 20:58:36,63.19,64.42,47.32,81,100,12.21
224,Taloqan,AF,2020-06-25 20:58:36,36.74,69.53,78.76,23,0,4.54
225,Cidreira,BR,2020-06-25 20:58:36,-30.18,-50.21,58.33,88,100,15.43
226,Kolokani,ML,2020-06-25 20:58:36,13.57,-8.03,86.63,46,80,2.21
227,Calama,CL,2020-06-25 20:57:15,-22.47,-68.93,68.0,8,0,26.4
228,Iqaluit,CA,2020-06-25 20:55:26,63.75,-68.51,46.4,70,20,8.05
229,San Roque,ES,2020-06-25 20:58:37,36.21,-5.38,77.0,65,1,9.17
230,Chukhloma,RU,2020-06-25 20:58:37,58.75,42.68,48.22,82,0,3.13
231,Nelson Bay,AU,2020-06-25 20:58:37,-32.72,152.15,46.99,87,0,10.29
232,Tokat,TR,2020-06-25 20:58:37,40.42,36.58,50.77,100,45,4.16
233,Pochutla,MX,2020-06-25 20:58:38,15.74,-96.47,91.0,55,75,13.87
234,Klyuchevskiy,RU,2020-06-25 20:58:38,53.53,119.45,54.36,88,97,1.45
235,Lebu,CL,2020-06-25 20:58:38,-37.62,-73.65,49.6,83,100,7.78
236,Kuusamo,FI,2020-06-25 20:58:39,65.97,29.18,66.2,77,100,9.17
237,Ushtobe,KZ,2020-06-25 20:58:39,45.25,77.98,66.15,35,100,6.96
238,Mount Gambier,AU,2020-06-25 20:58:39,-37.83,140.77,37.4,93,63,2.35
239,Yar-Sale,RU,2020-06-25 20:58:39,66.83,70.83,49.77,90,100,14.5
240,Ixtapa,MX,2020-06-25 20:58:40,20.7,-105.2,89.6,55,20,9.17
241,Half Moon Bay,US,2020-06-25 20:57:27,37.46,-122.43,75.99,53,5,11.41
242,Stubbekobing,DK,2020-06-25 20:58:40,54.89,12.04,68.0,83,93,5.99
243,Marsabit,KE,2020-06-25 20:58:40,2.33,37.99,66.74,78,0,21.14
244,San Quintin,MX,2020-06-25 20:58:41,30.48,-115.95,70.27,63,2,11.97
245,Plymouth,US,2020-06-25 20:56:07,41.83,-70.83,86.0,37,20,12.75
246,Fukue,JP,2020-06-25 20:58:41,32.69,128.84,75.9,93,92,9.42
247,Sinnamary,GF,2020-06-25 20:58:41,5.38,-52.95,80.96,82,100,9.24
248,Pundaguitan,PH,2020-06-25 20:58:41,6.37,126.17,82.78,70,100,0.54
249,Athabasca,CA,2020-06-25 20:58:42,54.72,-113.29,75.16,44,99,9.55
250,Panaba,MX,2020-06-25 20:58:42,21.28,-88.27,91.2,59,15,12.3
251,Kibakwe,TZ,2020-06-25 20:58:42,-6.72,36.37,60.73,77,79,3.13
252,Muriwai Beach,NZ,2020-06-25 20:58:42,-36.82,174.45,59.0,93,94,8.01
253,Porto Novo,BJ,2020-06-25 20:58:42,6.5,2.6,80.6,88,40,12.75
254,Nanortalik,GL,2020-06-25 20:58:43,60.14,-45.24,41.34,92,100,8.99
255,Sabha,LY,2020-06-25 20:58:43,27.04,14.43,87.48,17,0,10.16
256,Jingdezhen,CN,2020-06-25 20:58:43,29.29,117.21,73.33,95,11,1.48
257,Bilma,NE,2020-06-25 20:58:44,18.69,12.92,91.78,11,0,7.9
258,Tabuk,PH,2020-06-25 20:58:44,17.42,121.44,73.89,86,90,3.2
259,Morondava,MG,2020-06-25 20:58:44,-20.28,44.28,73.08,81,0,3.71
260,Brandon,US,2020-06-25 20:58:44,27.94,-82.29,97.0,53,40,3.36
261,Puerto Escondido,MX,2020-06-25 20:58:44,15.85,-97.07,86.0,70,75,17.22
262,Antalaha,MG,2020-06-25 20:58:45,-14.9,50.28,69.55,88,14,8.63
263,Bluff,NZ,2020-06-25 20:58:45,-46.6,168.33,39.0,83,0,3.0
264,Tual,ID,2020-06-25 20:58:45,-5.67,132.75,80.44,80,78,18.81
265,Bethel,US,2020-06-25 20:54:01,41.37,-73.41,82.99,30,1,10.29
266,Narsaq,GL,2020-06-25 20:58:46,60.92,-46.05,46.4,75,75,9.17
267,Dolores,AR,2020-06-25 20:58:46,-36.31,-57.68,48.7,62,64,10.87
268,Luwuk,ID,2020-06-25 20:58:46,-0.95,122.79,77.27,81,100,4.41
269,Kavaratti,IN,2020-06-25 20:58:46,10.57,72.64,80.91,79,100,26.26
270,Port Hardy,CA,2020-06-25 20:58:34,50.7,-127.42,55.4,87,75,5.82
271,Krapina,HR,2020-06-25 20:58:47,46.16,15.88,69.01,93,97,1.12
272,Bengkulu,ID,2020-06-25 20:58:47,-3.8,102.27,75.47,86,3,3.94
273,Fairbanks,US,2020-06-25 20:58:44,64.84,-147.72,64.99,41,1,5.82
274,Los Llanos De Aridane,ES,2020-06-25 20:58:48,28.66,-17.92,71.6,73,20,18.34
275,Pa Daet,TH,2020-06-25 20:58:36,19.5,99.99,78.01,94,20,5.82
276,San Andres,CO,2020-06-25 20:58:48,12.58,-81.7,87.8,70,40,10.29
277,Vaasa,FI,2020-06-25 20:58:48,63.1,21.62,71.6,56,97,4.7
278,Oum Hadjer,TD,2020-06-25 20:58:48,13.3,19.7,87.94,43,94,11.83
279,Meulaboh,ID,2020-06-25 20:58:49,4.14,96.13,77.31,82,100,0.74
280,Havelock,US,2020-06-25 20:54:30,34.88,-76.9,75.99,88,100,0.56
281,Scarborough,GB,2020-06-25 20:58:49,54.28,-0.4,61.0,86,23,8.81
282,Hirara,JP,2020-06-25 20:58:49,24.8,125.28,83.93,82,100,18.41
283,Perpignan,FR,2020-06-25 20:58:50,42.75,2.75,72.0,88,20,3.36
284,Thinadhoo,MV,2020-06-25 20:58:50,0.53,72.93,83.82,76,66,11.32
285,Grindavik,IS,2020-06-25 20:58:50,63.84,-22.43,48.2,87,75,3.36
286,Phangnga,TH,2020-06-25 20:58:50,8.45,98.53,75.2,94,75,3.36
287,East London,ZA,2020-06-25 20:58:51,-33.02,27.91,69.33,26,0,8.88
288,Chaykovskaya,RU,2020-06-25 20:58:51,58.13,55.54,50.0,81,100,6.71
289,Severodvinsk,RU,2020-06-25 20:58:51,64.56,39.83,50.0,81,20,5.5
290,Tarko-Sale,RU,2020-06-25 20:58:51,64.92,77.78,55.0,83,100,14.88
291,Auki,SB,2020-06-25 20:58:52,-8.77,160.7,80.13,81,98,5.41
292,Petropavlovsk-Kamchatskiy,RU,2020-06-25 20:58:52,53.05,158.65,60.8,77,11,8.95
293,Quatre Cocos,MU,2020-06-25 20:55:04,-20.21,57.76,73.0,73,40,16.11
294,Roma,US,2020-06-25 20:54:28,43.21,-75.46,78.8,39,75,6.93
295,Palm Bay,US,2020-06-25 20:58:53,28.03,-80.59,88.0,94,90,9.17
296,Brockville,CA,2020-06-25 20:57:12,44.58,-75.68,75.2,44,1,16.11
297,Sebring,US,2020-06-25 20:56:17,27.5,-81.44,95.0,47,40,8.05
298,Avera,US,2020-06-25 20:58:54,33.19,-82.53,86.0,74,1,8.05
299,Comodoro Rivadavia,AR,2020-06-25 20:56:05,-45.87,-67.5,41.0,82,40,11.41
300,Przhevalskoye,RU,2020-06-25 20:58:54,55.51,31.85,62.58,78,28,3.11
301,Salamiyah,SY,2020-06-25 20:58:54,35.01,37.05,68.74,61,0,8.77
302,Pecos,US,2020-06-25 20:56:34,31.42,-103.49,95.0,20,1,12.75
303,Cedar City,US,2020-06-25 20:58:55,37.68,-113.06,87.8,9,1,3.36
304,Berdigestyakh,RU,2020-06-25 20:58:55,62.1,126.7,65.16,62,13,4.45
305,Leningradskiy,RU,2020-06-25 20:58:55,69.38,178.42,34.52,94,100,1.7
306,Yanam,IN,2020-06-25 20:58:56,16.73,82.22,81.86,85,84,3.29
307,Praia,CV,2020-06-25 20:58:56,14.92,-23.51,77.0,73,20,19.46
308,La Ronge,CA,2020-06-25 20:58:56,55.1,-105.28,77.0,41,20,4.7
309,Parkes,AU,2020-06-25 20:58:56,-33.13,148.18,37.0,97,0,2.42
310,Maralal,KE,2020-06-25 20:58:57,1.1,36.7,59.7,77,15,4.14
311,Grand Gaube,MU,2020-06-25 20:58:57,-20.01,57.66,73.0,70,3,11.01
312,Makakilo City,US,2020-06-25 20:58:57,21.35,-158.09,82.4,69,90,8.05
313,Apostolove,UA,2020-06-25 20:58:58,47.66,33.71,64.4,59,0,8.95
314,Chapais,CA,2020-06-25 20:56:49,49.78,-74.85,60.8,72,90,11.41
315,Caravelas,BR,2020-06-25 20:58:58,-17.71,-39.25,71.01,79,0,2.57
316,Sao Jose Da Coroa Grande,BR,2020-06-25 20:58:58,-8.9,-35.15,76.19,84,31,10.18
317,Doka,SD,2020-06-25 20:58:59,13.52,35.77,78.37,67,70,4.79
318,Soyo,AO,2020-06-25 20:58:59,-6.13,12.37,73.85,84,100,9.04
319,Alpena,US,2020-06-25 20:58:59,45.06,-83.43,80.6,30,5,6.93
320,Kondinskoye,RU,2020-06-25 20:59:00,59.65,67.41,46.96,86,100,10.49
321,Saint-Pierre,RE,2020-06-25 20:59:00,-21.34,55.48,71.6,64,8,24.16
322,Coahuayana,MX,2020-06-25 20:59:00,18.73,-103.68,84.2,62,75,4.32
323,Honiara,SB,2020-06-25 20:54:32,-9.43,159.95,71.6,94,20,2.24
324,Kununurra,AU,2020-06-25 20:59:01,-15.77,128.73,53.6,32,0,2.24
325,Severnyy,RU,2020-06-25 20:59:01,50.68,36.55,64.4,59,16,2.24
326,Fatick,SN,2020-06-25 20:59:01,14.36,-16.59,80.6,78,20,10.29
327,Puerto Lumbreras,ES,2020-06-25 20:59:01,37.56,-1.81,73.0,39,0,3.51
328,Brae,GB,2020-06-25 20:57:06,60.4,-1.35,57.2,93,93,14.99
329,Trelew,AR,2020-06-25 20:59:02,-43.25,-65.31,40.69,65,29,16.53
330,Humberto De Campos,BR,2020-06-25 20:59:02,-2.6,-43.46,77.41,89,32,3.76
331,Yanji,CN,2020-06-25 20:59:02,42.91,129.51,59.04,94,100,3.24
332,Saint-Denis,FR,2020-06-25 20:59:02,48.92,2.33,84.0,45,93,3.36
333,Coquimbo,CL,2020-06-25 20:59:03,-29.95,-71.34,60.8,63,100,13.87
334,Esmeralda,CU,2020-06-25 20:59:03,21.85,-78.12,91.4,59,40,18.34
335,Mandera,KE,2020-06-25 20:59:03,3.94,41.87,83.91,50,28,11.83
336,Faya,SA,2020-06-25 20:59:03,18.39,42.45,73.4,49,0,2.77
337,Lata,PT,2020-06-25 20:59:04,40.16,-8.33,66.0,89,0,5.99
338,Nantucket,US,2020-06-25 20:57:44,41.28,-70.1,77.0,83,75,14.99
339,Ilawa,PL,2020-06-25 20:59:04,53.6,19.57,72.0,70,43,6.87
340,Carlyle,US,2020-06-25 20:59:05,38.61,-89.37,90.0,35,14,1.01
341,Lanzhou,CN,2020-06-25 20:59:05,36.06,103.79,57.99,91,100,6.55
342,Nanakuli,US,2020-06-25 20:59:05,21.39,-158.15,82.4,69,90,8.05
343,Fredericton,CA,2020-06-25 20:56:54,45.95,-66.67,82.99,32,20,14.99
344,Soe,ID,2020-06-25 20:59:05,-9.86,124.28,64.06,100,36,4.52
345,Hachinohe,JP,2020-06-25 20:59:06,40.5,141.5,60.8,100,90,8.05
346,Nsanje,MW,2020-06-25 20:59:06,-16.92,35.26,62.65,90,0,2.75
347,Kanungu,UG,2020-06-25 20:59:06,-0.96,29.79,60.76,80,59,4.36
348,Azle,US,2020-06-25 20:56:26,32.9,-97.55,91.0,52,75,8.05
349,Nyurba,RU,2020-06-25 20:59:07,63.28,118.33,61.03,79,1,0.67
350,Tomatlan,MX,2020-06-25 20:59:07,19.93,-105.25,89.6,54,48,11.05
351,Khajuraho,IN,2020-06-25 20:59:07,24.85,79.93,88.66,56,100,6.38
352,Bikin,RU,2020-06-25 20:59:07,46.82,134.26,59.31,95,100,2.08
353,Sobolevo,RU,2020-06-25 20:59:08,54.43,31.9,66.02,80,51,6.26
354,Bauta,CU,2020-06-25 20:59:08,22.98,-82.55,69.8,94,75,20.8
355,Luba,GQ,2020-06-25 20:59:08,3.46,8.55,77.0,88,40,4.7
356,Sorland,NO,2020-06-25 20:59:08,67.67,12.69,55.4,71,75,8.05
357,Aras,ES,2020-06-25 20:59:09,42.56,-2.36,68.0,88,100,3.36
358,Cockburn Town,TC,2020-06-25 20:58:23,21.46,-71.14,87.8,66,40,17.22
359,Katobu,ID,2020-06-25 20:59:09,-4.94,122.53,73.36,89,11,5.01
360,Bonthe,SL,2020-06-25 20:59:09,7.53,-12.51,77.2,89,100,9.75
361,Kushima,JP,2020-06-25 20:59:09,31.46,131.23,78.8,83,90,11.41
362,Bafra,TR,2020-06-25 20:59:10,41.57,35.91,71.01,58,0,5.01
363,Kholtoson,RU,2020-06-25 20:59:10,50.3,103.31,52.65,85,98,1.45
364,Bonavista,CA,2020-06-25 20:59:10,48.65,-53.11,62.2,83,10,7.11
365,Gumdag,TM,2020-06-25 20:59:11,39.21,54.59,84.74,26,0,8.19
366,Tateyama,JP,2020-06-25 20:59:11,34.98,139.87,71.01,100,86,19.44
367,Lavrentiya,RU,2020-06-25 20:59:11,65.58,-171.0,43.11,62,92,12.21
368,Bolobo,CD,2020-06-25 20:59:11,-2.17,16.23,78.51,61,88,2.89
369,Kirovskiy,RU,2020-06-25 20:59:11,45.09,133.51,58.37,93,100,4.41
370,Jiuquan,CN,2020-06-25 20:59:12,39.74,98.52,63.32,28,17,0.54
371,Axim,GH,2020-06-25 20:59:12,4.87,-2.24,77.43,84,98,10.89
372,Tshikapa,CD,2020-06-25 20:59:12,-6.42,20.8,74.64,34,60,1.25
373,Hutchinson,US,2020-06-25 20:59:13,38.06,-97.93,93.99,30,1,25.28
374,San Matias,BO,2020-06-25 20:59:13,-16.37,-58.4,87.91,45,98,2.64
375,Goderich,CA,2020-06-25 20:59:13,43.75,-81.72,73.0,62,82,13.0
376,Fort Frances,CA,2020-06-25 20:59:13,48.6,-93.4,82.0,32,20,3.98
377,Tchaourou,BJ,2020-06-25 20:59:14,8.89,2.6,74.93,91,91,7.25
378,Ferrol,ES,2020-06-25 20:59:14,43.48,-8.24,62.6,82,75,2.24
379,Oxapampa,PE,2020-06-25 20:59:14,-10.58,-75.4,67.91,75,98,2.82
380,Evinayong,GQ,2020-06-25 20:59:14,1.44,10.55,68.5,99,94,2.64
381,Baiquan,CN,2020-06-25 20:59:14,47.58,126.08,56.62,96,100,5.55
382,Lamu,KE,2020-06-25 20:59:15,-2.27,40.9,77.0,88,90,16.78
383,Kargasok,RU,2020-06-25 20:59:15,59.06,80.86,56.7,95,83,8.48
384,Saint-Francois,FR,2020-06-25 20:59:15,46.42,3.91,73.99,69,0,2.24
385,Zharkent,KZ,2020-06-25 20:59:15,44.16,80.0,65.46,27,49,7.02
386,Havoysund,NO,2020-06-25 20:59:15,71.0,24.66,53.6,81,75,19.46
387,Severo-Kurilsk,RU,2020-06-25 20:59:16,50.68,156.12,50.34,69,69,11.68
388,Khem Karan,IN,2020-06-25 20:59:16,31.14,74.57,80.6,74,40,6.93
389,Krusevac,RS,2020-06-25 20:59:16,43.58,21.33,73.4,69,81,3.36
390,Killarney,IE,2020-06-25 20:59:16,52.05,-9.52,57.33,86,82,3.38
391,Broome,US,2020-06-25 20:59:17,42.25,-75.83,68.0,88,90,5.82
392,Kyshtovka,RU,2020-06-25 20:59:17,56.55,76.63,52.41,89,99,2.53
393,Knysna,ZA,2020-06-25 20:59:17,-34.04,23.05,51.8,100,0,2.24
394,Westport,US,2020-06-25 20:58:06,41.14,-73.36,84.0,32,1,5.82
395,Kaohsiung,TW,2020-06-25 20:59:17,22.62,120.31,82.4,74,75,3.36
396,Kupang,ID,2020-06-25 20:57:55,-10.17,123.58,75.67,86,86,10.02
397,Lazaro Cardenas,MX,2020-06-25 20:59:18,17.96,-102.2,75.94,91,100,4.99
398,Castel San Giovanni,IT,2020-06-25 20:59:18,45.06,9.43,73.99,74,82,9.04
399,Solnechnyy,RU,2020-06-25 20:59:18,50.72,136.63,54.09,90,95,3.85
400,Urumqi,CN,2020-06-25 20:59:19,43.8,87.6,69.8,40,99,2.24
401,Valparaiso,CL,2020-06-25 20:58:59,-33.04,-71.63,62.6,36,100,6.93
402,Port-Gentil,GA,2020-06-25 20:59:19,-0.72,8.78,73.4,88,40,5.82
403,Egvekinot,RU,2020-06-25 20:59:19,66.32,-179.17,37.47,97,100,9.86
404,Srednekolymsk,RU,2020-06-25 20:59:19,67.45,153.68,76.42,37,64,7.96
405,Lishu,CN,2020-06-25 20:59:20,43.3,124.33,60.66,78,96,8.97
406,Mumford,GH,2020-06-25 20:59:20,5.26,-0.76,77.56,85,99,13.09
407,Pangnirtung,CA,2020-06-25 20:59:20,66.15,-65.71,46.4,75,90,12.75
408,Concepcion Del Oro,MX,2020-06-25 20:59:20,24.63,-101.42,71.73,42,98,0.6
409,Huaicheng,CN,2020-06-25 20:59:20,23.91,112.19,75.92,95,100,1.25
410,Moscow,RU,2020-06-25 20:55:43,55.75,37.62,69.01,100,40,2.24
411,Sakakah,SA,2020-06-25 20:59:21,29.97,40.21,86.0,10,0,9.17
412,Mayo,US,2020-06-25 20:59:21,38.89,-76.51,80.6,65,75,11.41
413,Hofn,IS,2020-06-25 20:59:21,64.25,-15.21,50.67,84,67,6.13
414,Carahue,CL,2020-06-25 20:59:22,-38.7,-73.17,50.0,76,75,8.05
415,Voyinka,UA,2020-06-25 20:59:22,45.87,33.99,69.75,64,34,4.45
416,Forbes,AU,2020-06-25 20:59:22,-33.38,148.02,37.0,97,0,0.89
417,Itarema,BR,2020-06-25 20:59:22,-2.92,-39.92,79.12,70,71,11.07
418,Werda,BW,2020-06-25 20:59:22,-25.27,23.28,52.18,46,0,5.55
419,Nanga Eboko,CM,2020-06-25 20:59:23,4.68,12.37,70.72,95,100,2.55
420,Atasu,KZ,2020-06-25 20:59:23,48.68,71.64,66.36,40,97,11.81
421,Iraquara,BR,2020-06-25 20:59:23,-12.25,-41.62,67.1,82,84,5.17
422,Opuwo,NA,2020-06-25 20:59:23,-18.06,13.84,51.78,45,0,5.46
423,Berkak,NO,2020-06-25 20:59:24,62.83,10.01,66.0,65,0,2.39
424,Luis Correia,BR,2020-06-25 20:59:24,-2.88,-41.67,79.34,82,27,4.92
425,Santona,ES,2020-06-25 20:59:24,43.44,-3.46,66.99,93,90,4.7
426,Terebovlya,UA,2020-06-25 20:59:24,49.3,25.71,66.99,62,0,6.58
427,Rudbar,AF,2020-06-25 20:59:25,30.15,62.6,84.36,14,0,10.33
428,Sibu,MY,2020-06-25 20:59:25,2.3,111.82,77.0,94,40,2.24
429,Isla Mujeres,MX,2020-06-25 20:59:25,21.23,-86.73,87.8,74,40,6.93
430,Bilibino,RU,2020-06-25 20:59:25,68.05,166.44,55.53,67,100,0.85
431,Kozhva,RU,2020-06-25 20:59:25,65.11,57.05,43.29,94,100,7.38
432,Sangar,RU,2020-06-25 20:59:26,63.92,127.47,66.65,54,45,0.72
433,Maniitsoq,GL,2020-06-25 20:59:26,65.42,-52.9,42.1,84,0,14.0
434,Trairi,BR,2020-06-25 20:59:26,-3.28,-39.27,79.0,72,83,8.34
435,Carutapera,BR,2020-06-25 20:59:26,-1.2,-46.02,77.72,91,79,5.08
436,Noumea,NC,2020-06-25 20:57:02,-22.28,166.46,68.0,87,75,1.12
437,Florianopolis,BR,2020-06-25 20:59:27,-27.61,-48.5,75.0,69,75,8.05
438,Saint-Augustin,CA,2020-06-25 20:59:27,51.23,-58.65,63.32,85,100,11.92
439,Uruzgan,AF,2020-06-25 20:59:27,32.83,66.0,67.73,22,0,0.49
440,Nishihara,JP,2020-06-25 20:59:27,26.18,127.76,78.8,88,40,5.82
441,Bulgan,MN,2020-06-25 20:59:28,48.81,103.53,54.16,73,19,1.5
442,Batemans Bay,AU,2020-06-25 20:59:28,-35.72,150.18,36.0,100,0,4.14
443,Ust-Maya,RU,2020-06-25 20:59:28,60.42,134.53,64.4,54,17,0.45
444,Buchanan,LR,2020-06-25 20:59:28,5.88,-10.05,77.72,83,98,11.32
445,Pacific Grove,US,2020-06-25 20:59:28,36.62,-121.92,72.0,68,40,9.17
446,Ulladulla,AU,2020-06-25 20:59:29,-35.35,150.47,48.2,76,0,13.87
447,Dicabisagan,PH,2020-06-25 20:59:29,17.08,122.42,78.82,84,52,4.79
448,Baoding,CN,2020-06-25 20:59:29,38.85,115.49,67.21,75,34,5.17
449,Kadnikov,RU,2020-06-25 20:59:30,59.5,40.34,49.98,79,5,2.98
450,San Cristobal,VE,2020-06-25 20:59:30,7.77,-72.22,93.2,36,40,18.34
451,Jalu,LY,2020-06-25 20:59:30,29.03,21.55,78.57,51,0,16.35
452,Rock Sound,BS,2020-06-25 20:59:30,24.9,-76.2,83.23,78,3,13.47
453,Mukhen,RU,2020-06-25 20:59:30,48.1,136.1,59.36,93,97,2.04
454,Naze,JP,2020-06-25 20:59:31,28.37,129.48,80.6,88,100,10.29
455,Broken Hill,AU,2020-06-25 20:59:31,-31.95,141.43,39.2,83,11,4.7
456,Darien,US,2020-06-25 20:59:31,41.75,-87.97,84.99,37,40,10.29
457,Xining,CN,2020-06-25 20:59:32,36.62,101.77,52.79,68,100,2.59
458,Qaqortoq,GL,2020-06-25 20:59:32,60.72,-46.03,46.4,75,75,9.17
459,Kirakira,SB,2020-06-25 20:59:32,-10.45,161.92,80.4,80,50,7.2
460,Zeya,RU,2020-06-25 20:59:32,53.75,127.27,60.26,66,100,1.34
461,Puerto Carreno,CO,2020-06-25 20:59:33,6.19,-67.49,91.4,49,40,5.82
462,Yangambi,CD,2020-06-25 20:59:33,0.81,24.43,72.45,90,98,2.82
463,Tamandare,BR,2020-06-25 20:59:33,-8.76,-35.1,76.35,84,22,9.35
464,Sisimiut,GL,2020-06-25 20:59:33,66.94,-53.67,42.46,75,5,9.78
465,Ghanzi,BW,2020-06-25 20:59:33,-21.57,21.78,46.65,66,0,1.81
466,Bandarbeyla,SO,2020-06-25 20:59:34,9.49,50.81,80.01,77,100,31.47
467,Plettenberg Bay,ZA,2020-06-25 20:59:34,-34.05,23.37,60.71,75,0,4.0
468,Sampit,ID,2020-06-25 20:59:34,-2.53,112.95,73.36,96,76,1.92
469,Newcastle,AU,2020-06-25 20:56:12,-32.93,151.78,48.99,87,0,10.29
470,Morro Bay,US,2020-06-25 20:59:34,35.37,-120.85,75.99,75,41,10.0
471,Tarumovka,RU,2020-06-25 20:59:35,44.08,46.54,77.31,41,57,9.17
472,Dudinka,RU,2020-06-25 20:59:35,69.41,86.18,55.4,82,41,17.9
473,Pangai,TO,2020-06-25 20:59:35,-19.8,-174.35,78.8,78,40,9.17
474,Guanaja,HN,2020-06-25 20:59:36,16.4,-85.9,87.8,70,75,20.8
475,Kabare,CD,2020-06-25 20:59:36,-2.47,28.82,61.11,82,100,0.96
476,Lerwick,GB,2020-06-25 20:55:31,60.15,-1.15,57.2,87,99,8.05
477,Ancud,CL,2020-06-25 20:59:37,-41.87,-73.82,46.99,87,40,3.36
478,Bumbuna,SL,2020-06-25 20:59:37,9.05,-11.73,72.9,95,100,4.88
479,Mozarlandia,BR,2020-06-25 20:59:37,-14.74,-50.57,79.59,48,0,1.01
480,Voyvozh,RU,2020-06-25 20:59:37,62.89,54.96,42.28,96,99,8.43
481,Sijunjung,ID,2020-06-25 20:59:38,-0.69,100.95,69.57,87,42,1.3
482,Padang,ID,2020-06-25 20:59:38,-0.95,100.35,78.26,66,55,3.13
483,Kosh-Agach,RU,2020-06-25 20:59:38,50.0,88.67,46.18,79,40,1.25
484,Nhulunbuy,AU,2020-06-25 20:59:39,-12.23,136.77,77.0,83,75,10.29
485,Pitimbu,BR,2020-06-25 20:59:39,-7.47,-34.81,78.8,74,0,12.75
486,Clonakilty,IE,2020-06-25 20:59:39,51.62,-8.87,68.0,82,75,5.82
487,Mayumba,GA,2020-06-25 20:59:39,-3.43,10.66,71.85,89,34,5.14
488,Hay River,CA,2020-06-25 20:59:40,60.82,-115.8,66.2,48,40,6.93
489,Ndele,CF,2020-06-25 20:59:40,8.41,20.65,69.19,93,98,1.63
490,Nexo,DK,2020-06-25 20:59:40,55.06,15.13,69.8,64,46,9.17
491,Treinta Y Tres,UY,2020-06-25 20:59:40,-33.23,-54.38,49.06,75,0,12.41
492,Nabire,ID,2020-06-25 20:59:41,-3.37,135.48,75.9,89,96,3.29
493,Commerce,US,2020-06-25 20:59:41,34.0,-118.16,82.99,64,1,5.82
494,Umkomaas,ZA,2020-06-25 20:59:41,-30.21,30.8,61.0,69,0,4.0
495,Lungi,SL,2020-06-25 20:59:41,9.22,-12.68,75.45,94,100,5.17
496,Albuquerque,US,2020-06-25 20:57:02,35.08,-106.65,93.99,13,75,11.41
497,High Level,CA,2020-06-25 20:58:35,58.52,-117.14,71.6,30,75,4.7
498,Megion,RU,2020-06-25 20:59:42,61.03,76.11,53.6,87,70,4.47
499,Chunskiy,RU,2020-06-25 20:59:42,56.08,99.63,60.73,93,100,3.49
500,Bandundu,CD,2020-06-25 20:59:43,-3.32,17.37,81.91,54,100,4.21
501,Eureka,US,2020-06-25 20:56:16,40.8,-124.16,62.6,72,20,5.82
502,Mao,ES,2020-06-25 20:59:43,39.89,4.27,73.4,73,0,8.05
503,Hami,CN,2020-06-25 20:59:43,42.8,93.45,80.91,20,99,13.44
504,Manaus,BR,2020-06-25 20:55:09,-3.1,-60.02,89.6,62,40,4.7
505,Amuntai,ID,2020-06-25 20:56:16,-2.42,115.25,74.53,90,99,0.6
506,Cordoba,AR,2020-06-25 20:56:29,-31.41,-64.18,60.01,26,0,6.93
507,Deolali,IN,2020-06-25 20:59:44,19.95,73.83,76.69,86,100,6.73
508,Pevek,RU,2020-06-25 20:59:45,69.7,170.31,35.22,88,65,15.17
509,Nome,US,2020-06-25 20:57:17,64.5,-165.41,45.0,56,75,8.05
510,Kattivakkam,IN,2020-06-25 20:59:45,13.22,80.32,84.2,79,40,8.05
511,El Reno,US,2020-06-25 20:58:58,35.53,-97.95,91.99,49,0,11.41
512,Council Bluffs,US,2020-06-25 20:57:18,41.26,-95.86,89.6,48,75,14.99
513,Cap Malheureux,MU,2020-06-25 20:59:46,-19.98,57.61,73.0,69,1,11.01
514,Te Anau,NZ,2020-06-25 20:59:47,-45.42,167.72,35.83,84,17,1.25
515,Dali,CN,2020-06-25 20:59:47,25.7,100.18,64.15,86,100,4.72
516,Yendi,GH,2020-06-25 20:59:47,9.44,-0.01,82.18,69,99,6.89
517,Chicama,PE,2020-06-25 20:59:47,-7.84,-79.15,71.15,61,21,9.31
518,Ola,RU,2020-06-25 20:59:47,59.58,151.28,47.17,89,92,6.17
519,Itoman,JP,2020-06-25 20:59:48,26.12,127.67,78.8,88,75,4.7
520,Hudson Bay,CA,2020-06-25 20:59:48,52.85,-102.38,71.01,75,99,11.48
521,Pokosnoye,RU,2020-06-25 20:59:48,55.53,101.05,60.89,69,90,1.34
522,Mogadishu,SO,2020-06-25 20:58:25,2.04,45.34,79.03,83,100,17.02
523,Bridlington,GB,2020-06-25 20:59:49,54.08,-0.19,64.4,82,12,5.82
524,Gwadar,PK,2020-06-25 20:59:49,25.12,62.33,85.6,79,31,6.46
525,Camacha,PT,2020-06-25 20:59:49,33.08,-16.33,68.0,72,20,12.75
526,Kazachinskoye,RU,2020-06-25 20:59:49,57.7,93.28,57.47,84,67,3.13
527,Buta,CD,2020-06-25 20:59:50,2.79,24.73,70.83,97,100,1.9
528,Pionerskiy,RU,2020-06-25 20:59:50,54.95,20.23,66.2,93,34,2.24
529,Brownsville,US,2020-06-25 20:59:44,25.9,-97.5,78.8,78,90,11.41
530,Imbituba,BR,2020-06-25 20:57:01,-28.24,-48.67,73.4,69,75,8.05
531,Tazmalt,DZ,2020-06-25 20:59:50,36.39,4.4,73.4,88,40,3.36
532,Phulji,PK,2020-06-25 20:59:51,26.88,67.68,90.82,53,1,14.23
533,Preobrazheniye,RU,2020-06-25 20:59:51,42.9,133.91,57.97,93,100,16.49
534,Lloydminster,CA,2020-06-25 20:59:51,53.28,-110.0,75.2,36,75,14.99
535,Marawi,PH,2020-06-25 20:59:52,8.0,124.29,75.0,95,97,5.99
536,Tabas,IR,2020-06-25 20:59:52,33.6,56.92,91.4,14,0,4.7
537,Ranghulu,CN,2020-06-25 20:59:52,46.65,124.87,56.75,93,100,7.85
